INSERT INTO CSUF_MEMBER VALUES
('000000001', 'Linh', 'Cao', '555 Main Street', '555-555-0001'),
('000000002', 'Pete', 'Chern', '123 Main Street', '515-555-0002'),
('000000003', 'Ada', 'Lovelace', '654 Main Street', '595-555-0003'),
('000000004', 'John', 'Von Nuemann', '852 Main Street', '855-555-0004'),
('000000005', 'Alan', 'Turing', '684 Main Street', '555-535-0005'),
('000000006', 'Edsger', 'Dijkstra', '215 Main Street', '545-555-0016'),
('000000007', 'Dennis', 'Ritchie', '647 Main Street', '455-555-0012'),
('000000008', 'Kevin', 'Wortman', '987 Main Street', '455-555-0021'),
('000000009', 'Kenytt', 'Avery', '888 Main Street', '555-355-0541'),
('000000010', 'Ning', 'Chen', '8744 Main Street', '555-515-0877'),
('000000011', 'James', 'Shen', '1254 Main Street', '555-535-7881'),
('000000012', 'John', 'Smith', '5789 Main Street', '555-535-5501');

INSERT INTO ACCOUNT VALUES
('000000001', 'linh.cao@csu.fullerton.edu', 'password', 3),
('000000002', 'pete.chern@csu.fullerton.edu', 'password', 3),
('000000003', 'ada.lovelace@csu.fullerton.edu', 'password', 3),
('000000004', 'john.vonnuemann@csu.fullerton.edu', 'password', 3),
('000000005', 'alan.turing@csu.fullerton.edu', 'password', 3),
('000000006', 'edsger.dijkstra@csu.fullerton.edu', 'password', 3),
('000000007', 'dennis.ritchie@csu.fullerton.edu', 'password', 3),
('000000008', 'kevin.wortman@csu.fullerton.edu', 'password', 3),
('000000009', 'kenytt.avery@csu.fullerton.edu', 'password', 2),
('000000010', 'ning.chen@csu.fullerton.edu', 'password', 2),
('000000011', 'james.shen@csu.fullerton.edu', 'password', 1),
('000000012', 'john.smith@csu.fullerton.edu', 'password', 1);


INSERT INTO STUDENT VALUES
('000000001', 1),
('000000002', 2),
('000000003', 3),
('000000004', 4),
('000000005', 5),
('000000006', 6),
('000000007', 7),
('000000008', 8);


INSERT INTO FACULTY VALUES
('000000009', 'Ph.D'),
('000000010', 'Ph.D');


INSERT INTO DEPARTMENT VALUES
('1', 'Computer Science', '714345123', 'CS Building'),
('2', 'Communications', '714765123', 'Communication Building'),
('3', 'Education', '714345876', 'Education Building'),
('4', 'Engineering', '714309023', 'Engineering Building'),
('5', 'Health and Human Development', '714345213', 'HH Building'),
('6', 'Natural Sciences', '714005123', 'NS Building'),
('7', 'Mathematics', '714345000', 'MH Building'),
('8', 'Business', '714345333', 'B Building');


